"";"title";"author";"journal";"number";"cites";"year";"cid";"pubid"
"1";"Production of Pyomelanin, a Second Type of Melanin, via the Tyrosine Degradation Pathway in Aspergillus fumigatus";"J Schmaler-Ripcke, V Sugareva, P Gebhardt, R Winkler, O Kniemeyer, ...";"Applied and environmental microbiology";"75 (2), 493-503";212;2009;"15481550060900742049";"UeHWp8X0CEIC"
"2";"Comparative and functional genomics provide insights into the pathogenicity of dermatophytic fungi";"A Burmester, E Shelest, G Glöckner, C Heddergott, S Schindler, P Staib, ...";"Genome biology";"12 (1), 1-16";193;2011;"8740436894579019665";"YsMSGLbcyi4C"
"3";"A novel immune evasion strategy of Candida albicans: proteolytic cleavage of a salivary antimicrobial peptide";"TF Meiller, B Hube, L Schild, ME Shirtliff, MA Scheper, R Winkler, A Ton, ...";"PloS one";"4 (4), e5039";152;2009;"14194085331734782292";"d1gkVwhDpl0C"
"4";"Analysis of the Aspergillus fumigatus Proteome Reveals Metabolic Changes and the Activation of the Pseurotin A Biosynthesis Gene Cluster in Response to Hypoxia";"M Vödisch, K Scherlach, R Winkler, C Hertweck, HP Braun, M Roth, ...";"Journal of proteome research";"10 (5), 2508-2524";134;2011;"11096021475236241192";"eQOLeE2rZwMC"
"5";"Genomic history of the origin and domestication of common bean unveils its closest sister species";"M Rendón-Anaya, JM Montero-Vargas, S Saburido-Álvarez, A Vlasova, ...";"Genome biology";"18 (60), 1-17";108;2017;"5204869975520100604";"bFI3QPDXJZMC"
"6";"Biosynthesis of nitro compounds";"R Winkler, C Hertweck";"ChemBioChem";"8 (9), 973-977";107;2007;"14147867007719904434";"qjMakFHDy7sC"
"7";"Vinylogous chain branching catalysed by a dedicated polyketide synthase module";"T Bretschneider, JB Heim, D Heine, R Winkler, B Busch, B Kusebauch, ...";"Nature";"502 (7469), 124-128";100;2013;"5122222335728661369";"mB3voiENLucC"
"8";"Preventive and therapeutic potential of peptides from cereals against cancer";"M Ortiz-Martinez, R Winkler, S García-Lara";"Journal of proteomics";"111, 165-183";89;2014;"15913427072684015970";"4JMBOYKVnBMC"
"9";"Two‐dimensional proteome reference maps for the human pathogenic filamentous fungus Aspergillus fumigatus";"M Vödisch, D Albrecht, F Leßing, AD Schmidt, R Winkler, R Guthke, ...";"Proteomics";"9 (5), 1407-1415";88;2009;"1049154083668053450";"u-x6o8ySG0sC"
"10";"Global Distribution and Evolution of a Toxinogenic Burkholderia-Rhizopus Symbiosis";"G Lackner, N Möbius, K Scherlach, LP Partida-Martinez, R Winkler, ...";"Applied and environmental microbiology";"75 (9), 2982-2986";72;2009;"15850695981496118837";"W7OEmFMy1HYC"
"11";"Evolution of host resistance in a toxin-producing bacterial–fungal alliance";"I Schmitt, LP Partida-Martinez, R Winkler, K Voigt, E Einax, F Dölz, S Telle, ...";"The ISME journal";"2 (6), 632-641";71;2008;"11109751925489881066";"IjCSPb-OGe4C"
"12";"Sequential enzymatic oxidation of aminoarenes to nitroarenes via hydroxylamines";"R Winkler, C Hertweck";"Angewandte Chemie International Edition";"44 (26), 4083-4087";70;2005;"9804145057782340821";"u5HHmVD_uO8C"
"13";"ESIprot: a universal tool for charge state determination and molecular weight calculation of proteins from electrospray ionization mass spectrometry data";"R Winkler";"Rapid Communications in Mass Spectrometry";"24 (3), 285-294";65;2010;"4600606542354423174";"WF5omc3nYNoC"
"14";"Structure and Action of the N-oxygenase AurF from Streptomyces thioluteus";"G Zocher, R Winkler, C Hertweck, GE Schulz";"Journal of molecular biology";"373 (1), 65-74";60;2007;"6317780580605262347";"Y0pCki6q_DkC"
"15";"Regio‐and chemoselective enzymatic N‐oxygenation in vivo, in vitro, and in flow";"R Winkler, MEA Richter, U Knüpfer, D Merten, C Hertweck";"Angewandte Chemie";"118 (47), 8184-8186";52;2006;"3567403886600773109";"2osOgNQ5qMEC"
"16";"The expression of selected non-ribosomal peptide synthetases inAspergillus fumigatus is controlled by the availability of free iron";"K Reiber, EP Reeves, CM Neville, R Winkler, P Gebhardt, K Kavanagh, ...";"FEMS microbiology letters";"248 (1), 83-91";52;2005;"15451549022565232714";"9yKSN-GCB0IC"
"17";"GridMass: a fast two‐dimensional feature detection method for LC/MS";"V Treviño, IL Yañez‐Garza, CE Rodriguez‐López, R Urrea‐López, ...";"Journal of Mass Spectrometry";"50 (1), 165-174";48;2015;"17866711243541405899";"isC4tDSrTZIC"
"18";"Template for 3D printing a low-temperature plasma probe";"S Martínez-Jarquín, A Moreno-Pedraza, H Guillén-Alonso, R Winkler";"Analytical chemistry";"88 (14), 6976-6980";46;2016;"2372723255208226364";"fPk4N6BV_jEC"
"19";"‘Plug and Play’assembly of a low-temperature plasma ionization mass spectrometry imaging (LTP-MSI) system";"M Maldonado-Torres, JF López-Hernández, P Jiménez-Sandoval, ...";"Journal of proteomics";"102, 60-65";46;2014;"16045872019496125701";"RHpTSmoSYBkC"
"20";"Proteomic analysis of human papillomavirus‐related oral squamous cell carcinoma: Identification of thioredoxin and epidermal‐fatty acid binding protein as upregulated protein …";"C Melle, G Ernst, R Winkler, B Schimmel, JP Klussmann, C Wittekindt, ...";"Proteomics";"9 (8), 2193-2201";38;2009;"9626386380050650231";"Tyk-4Ss8FVUC"
"21";"A Binuclear Manganese Cluster That Catalyzes Radical‐Mediated N‐Oxygenation";"R Winkler, G Zocher, I Richter, T Friedrich, GE Schulz, C Hertweck";"Angewandte Chemie International Edition";"46 (45), 8605-8608";37;2007;"15859733837742995887";"zYLM7Y9cAGgC"
"22";"Low-temperature plasma (LTP) jets for mass spectrometry (MS): Ion processes, instrumental set-ups, and application examples";"S Martínez-Jarquín, R Winkler";"TrAC Trends in Analytical Chemistry";"89, 133-145";36;2017;"18183672958296054725";"pyW8ca7W8N0C"
"23";"Design of a low‐temperature plasma (LTP) probe with adjustable output temperature and variable beam diameter for the direct detection of organic molecules";"S Martínez‐Jarquín, R Winkler";"Rapid Communications in Mass Spectrometry";"27 (5), 629-634";34;2013;"2105883162899159679";"L8Ckcad2t8MC"
"24";"Postharvest insect resistance in maize";"LM López-Castillo, SE Silva-Fernández, R Winkler, DJ Bergvinson, ...";"Journal of Stored Products Research";"77, 66-76";33;2018;"7147245888198003507";"vRqMK49ujn8C"
"25";"A comparison of human and mouse protein corona profiles of functionalized SiO2 nanocarriers.";"A Solorio-Rodríguez, V Escamilla-Rivera, M Uribe-Ramírez, A Chagolla, ...";"Nanoscale";"9, 13651-13660";32;2017;"2649010370146649062";"1sJd4Hv_s6UC"
"26";"Metabolic profiling of plant extracts using direct-injection electrospray ionization mass spectrometry allows for high-throughput phenotypic characterization according to …";"M García-Flores, S Juárez-Colunga, A García-Casarrubias, S Trachsel, ...";"Journal of agricultural and food chemistry";"63 (3), 1042-1052";32;2015;"4227969542700562187";"bEWYMUwI8FkC"
"27";"Metabolic phenotyping for the classification of coffee trees and the exploration of selection markers";"JM Montero-Vargas, LH González-González, E Gálvez-Ponce, ...";"Molecular BioSystems";"9 (4), 693-699";31;2013;"18305634718233565388";"7PzlFSSx8tAC"
"28";"Proteome analysis of the farnesol-induced stress response in Aspergillus nidulans - The role of a putative dehydrin";"D Wartenberg, M Vödisch, O Kniemeyer, D Albrecht-Eckardt, K Scherlach, ...";"Journal of proteomics";"75 (13), 4038-4049";31;2012;"14288667278914742976";"qxL8FJ1GzNcC"
"29";"Software solutions for evaluation and visualization of laser ablation inductively coupled plasma mass spectrometry imaging (LA-ICP-MSI) data: a short overview";"R Weiskirchen, S Weiskirchen, P Kim, R Winkler";"Journal of cheminformatics";"11 (16), 1-21";29;2019;"1826663158247497033";"tkaPQYYpVKoC"
"30";"Elucidating the Distribution of Plant Metabolites from Native Tissues with Laser Desorption Low-Temperature Plasma Mass Spectrometry Imaging";"A Moreno-Pedraza, I Rosas-Román, NS Garcia-Rojas, H Guillén-Alonso, ...";"Analytical chemistry";"91 (4), 2734-2743";25;2019;"2494679668046052439";"olpn-zPbct0C"
"31";"Evaluating the physiological state of maize (Zea mays L.) plants by direct-injection electrospray mass spectrometry (DIESI-MS)";"M García-Flores, S Juárez-Colunga, JM Montero-Vargas, ...";"Molecular BioSystems";"8 (6), 1658-1660";25;2012;"10236358753596772455";"M3ejUd6NZC8C"
"32";"MSI. R scripts reveal volatile and semi-volatile features in low-temperature plasma mass spectrometry imaging (LTP-MSI) of chilli (Capsicum annuum)";"R Gamboa-Becerra, E Ramírez-Chávez, J Molina-Torres, R Winkler";"Analytical and bioanalytical chemistry";"407 (19), 5673-5684";24;2015;"10079066579113815246";"g5m5HwL7SMYC"
"33";"Colorimetric protein quantification in aqueous two-phase systems";"M González-González, K Mayolo-Deloisa, M Rito-Palomares, R Winkler";"Process biochemistry";"46 (1), 413-417";24;2011;"8203606152475574532";"_FxGoFyzp5QC"
"34";"Structural Basis for Redox Regulation of Cytoplasmic and Chloroplastic Triosephosphate Isomerases from Arabidopsis thaliana";"LM López-Castillo, P Jiménez-Sandoval, N Baruch-Torres, ...";"Frontiers in plant science";"7 (1817), 1-17";23;2016;"7409567959154284340";"yD5IFk8b50cC"
"35";"An evolving computational platform for biological mass spectrometry: workflows, statistics and data mining with MASSyPup64";"R Winkler";"PeerJ";"3 (e1401), 1-34";23;2015;"14035498346474374539";"HoB7MX3m0LUC"
"36";"Mass Spectometry-Based Protein Patterns in the Diagnosis of Sepsis/Systemic Inflammatory Response Syndrome";"M Kiehntopf, D Schmerler, FM Brunkhorst, R Winkler, K Ludewig, ...";"Shock";"36 (6), 560";23;2011;"5254781272814169104";"KlAtU1dfN6UC"
"37";"Automated chemical fingerprinting of Mexican spirits derived from Agave (tequila and mezcal) using direct-injection electrospray ionisation (DIESI) and low-temperature plasma …";"S Martínez-Jarquín, A Moreno-Pedraza, D Cázarez-García, R Winkler";"Analytical Methods";"9, 5023 - 5028";22;2017;"16135467789137532924";"EUQCXRtRnyEC"
"38";"Rapid Classification of Coffee Products by Data Mining Models from Direct Electrospray and Plasma-Based Mass Spectrometry Analyses";"R Gamboa-Becerra, JM Montero-Vargas, S Martínez-Jarquín, ...";"Food Analytical Methods";"10, 1359–1368";21;2017;"9042888321370584606";"dfsIfKJdRG4C"
"39";"Photoprotective Potential of Baccharis antioquensis (Asteraceae) as Natural Sunscreen";"JC Mejía‐Giraldo, R Winkler, C Gallardo, AM Sánchez‐Zapata, ...";"Photochemistry and photobiology";"92 (5), 742-752";21;2016;"2170255681528049634";"4OULZ7Gr8RgC"
"40";"Proteomic analysis of Entamoeba histolytica in vivo assembled pre-mRNA splicing complexes";"J Valdés, T Nozaki, E Sato, Y Chiba, K Nakada-Tsukui, ...";"Journal of proteomics";"111, 30-45";19;2014;"2940787548841821563";"iH-uZ7U-co4C"
"41";"MASSyPup—an ‘Out of the Box’solution for the analysis of mass spectrometry data";"R Winkler";"Journal of Mass Spectrometry";"49 (1), 37-42";19;2014;"215001443951444922";"HDshCWvjkbEC"
"42";"Formatting Open Science: agilely creating multiple document formats for academic manuscripts with Pandoc Scholar";"A Krewinkel, R Winkler";"PeerJ Computer Science";"3 (e112), 1-23";17;2017;"9466937705444946300";"b0M2c_1WBrUC"
"43";"Sequenzielle enzymatische Oxidation von Aminoarenen zu Nitroarenen über Hydroxylamine";"R Winkler, C Hertweck";"Angewandte Chemie";"117 (26), 4152-4155";17;2005;"12341220211890515064";"ufrVoPGSRksC"
"44";"Plasma protein adsorption on Fe3O4-PEG nanoparticles activates the complement system and induces an inflammatory response";"V Escamilla-Rivera, A Solorio-Rodriguez, M Uribe-Ramirez, O Lozano, ...";"International journal of nanomedicine";"14, 2055";16;2019;"16254074901009492138";"9vf0nzSNQJEC"
"45";"Modulation of steroidal glycoalkaloid biosynthesis in tomato (Solanum lycopersicum) by jasmonic acid";"JM Montero-Vargas, K Casarrubias-Castillo, N Martínez-Gallardo, ...";"Plant Science";"277, 155-165";16;2018;"17175728128400136855";"1qzjygNMrQYC"
"46";"SpiderMass: semantic database creation and tripartite metabolite identification strategy";"R Winkler";"Journal of Mass Spectrometry";"50 (3), 538-541";16;2015;"1528077013674117147";"NMxIlDl6LWMC"
"47";"The Phaseolus vulgaris PvTRX1h gene regulates plant hormone biosynthesis in embryogenic callus from common bean";"A Barraza, JL Cabrera-Ponce, R Gamboa-Becerra, F Luna-Martínez, ...";"Frontiers in plant science";"6 (577), 1-16";15;2015;"8208097446729532456";"M05iB0D1s5AC"
"48";"Phenotypic comparison of samdc and spe mutants reveals complex relationships of polyamine metabolism in Ustilago maydis";"L Valdes-Santiago, JA Cervantes-Chavez, R Winkler, CG León-Ramírez, ...";"Microbiology";"";15;2012;"9938907173864368519";"MXK_kJrjxJIC"
"49";"An FMN hydrolase of the haloacid dehalogenase superfamily is active in plant chloroplasts";"R Rawat, FJ Sandoval, Z Wei, R Winkler, S Roje";"Journal of Biological Chemistry";"286 (49), 42091-42098";15;2011;"8281330365497042295";"UebtZRa9Y70C"
"50";"The organophosphate pesticide methamidophos opens the blood-testis barrier and covalently binds to ZO-2 in mice";"JM Ortega-Olvera, R Winkler, B Quitanilla-Vega, M Shibayama, ...";"Toxicology and Applied Pharmacology";"360, 257-272";14;2018;"3014550143231409446";"J-pR_7NvFogC"
"51";"Activity-directed identification of maize kernel peroxidases associated with postharvest insect resistance";"S García-Lara, R Winkler";"Molecular BioSystems";"6 (10), 1810-1812";14;2010;"5172436819401074621";"3fE2CSJIrl8C"
"52";"Metabolic fingerprinting of Arabidopsis thaliana accessions";"M Sotelo-Silveira, AL Chauvin, N Marsch-Martínez, R Winkler, S De Folter";"Frontiers in Plant Science";"6 (365), 1-13";13;2015;"786106352610438429";"lSLTfruPkqcC"
"53";"Reduction of aflatoxin B1 during tortilla production and identification of degradation by-products by direct-injection electrospray mass spectrometry (DIESI-MS)";"A Moreno-Pedraza, L Valdés-Santiago, LJ Hernández-Valadez, ...";"Salud Pública de México";"57 (1), 50-57";12;2015;"7699373214227688425,5762417361326661885";"k_IJM867U9cC"
"54";"Fungal α-arabinofuranosidases of glycosyl hydrolase families 51 and 54 show a dual arabinofuranosyl-and galactofuranosyl-hydrolyzing activity";"B Tefsen, EL Lagendijk, J Park, M Akeroyd, D Schachtschabel, R Winkler, ...";"Biological chemistry";"393 (8), 767-775";12;2012;"10145123107242264908";"mVmsd5A6BfQC"
"55";"Down-regulation of PvTRX1h increases nodule number and affects auxin, starch, and metabolic fingerprints in the common bean (Phaseolus vulgaris L.)";"A Barraza, EL Coss-Navarrete, JC Vizuet-de-Rueda, K Martínez-Aguilar, ...";"Plant Science";"274, 45-58";11;2018;"18310383760177716496";"D_sINldO8mEC"
"56";"Open LabBot and RmsiGUI: Community development kit for sampling automation and ambient imaging";"I Rosas-Román, C Ovando-Vázquez, A Moreno-Pedraza, ...";"Microchemical Journal";"152, 104343";10;2020;"15018054663009630180";"1yQoGdGgb4wC"
"57";"Metabolomic markers for the early selection of coffea canephora plants with desirable cup quality traits";"R Gamboa-Becerra, MC Hernández-Hernández, Ó González-Ríos, ...";"Metabolites";"9 (10), 214";10;2019;"353014666998093194";"N5tVd3kTz84C"
"58";"A Ribonucleotide Reductase‐Like Electron Transfer System in the Nitroaryl‐Forming N‐Oxygenase AurF";"A Fries, T Bretschneider, R Winkler, C Hertweck";"ChemBioChem";"12 (12), 1832";10;2011;"11304986215183294314";"hqOjcs7Dif8C"
"59";"Mass spectrometry imaging of thin-layer chromatography plates using laser desorption/low-temperature plasma ionisation";"NS García-Rojas, A Moreno-Pedraza, I Rosas-Román, ...";"Analyst";"145 (11), 3885-3891";9;2020;"15801811077024012292";"W5xh706n7nkC"
"60";"Trichoderma atroviride from predator to prey: role of the MAPK Tmk3 in fungal chemical defense against fungivory by Drosophila melanogaster larvae";"K Atriztán-Hernández, A Moreno-Pedraza, R Winkler, T Markow, ...";"Appl. Environ. Microbiol., AEM.";"01825-18";9;2019;"966887424060798988,1746264866597736449";"5ugPr518TE4C"
"61";"In vivo Monitoring of Nicotine Biosynthesis in Tobacco Leaves by Low-temperature Plasma Mass Spectrometry";"S Martínez-Jarquín, H Herrera-Ubaldo, S de Folter, R Winkler";"Talanta";"185, 324-327";9;2018;"6067763187044174473";"geHnlv5EZngC"
"62";"Improved Representation of Biological Information by Using Correlation as Distance Function for Heatmap Cluster Analysis";"A Tiessen, EA Cubedo-Ruiz, R Winkler";"American Journal of Plant Sciences";"8 (03), 502-516";9;2017;"5760282835295848845";"f2IySw72cVMC"
"63";"The Flavonoid Fraction from Rhoeo discolor Leaves Acting as Antiviral Against Influenza A Virus";"Y Sánchez-Roque, G Ayora-Talavera, R Rincón-Rosales, ...";"Records of Natural Products";"11 (6), 532-546";9;2017;"16223274515419139408";"CHSYGLWDkRkC"
"64";"Identification of B6T173 (ZmPrx35) as the prevailing peroxidase in highly insect-resistant maize (Zea mays, p84C3) kernels by activity-directed purification";"LM López-Castillo, JAI López-Arciniega, A Guerrero-Rangel, ...";"Frontiers in plant science";"6 (670), 1-13";9;2015;"12172718415348619594";"pqnbT2bcN3wC"
"65";"Accelerated identification of proteins by mass spectrometry by employing covalent pre-gel staining with Uniblue A";"MA Mata-Gómez, MT Yasui, A Guerrero-Rangel, S Valdés-Rodríguez, ...";"PloS one";"7 (2), e31438";9;2012;"4380109097941042379";"Se3iqnhoufwC"
"66";"Processing Metabolomics and Proteomics Data with Open Software: A Practical Guide";"R Winkler";"Royal Society of Chemistry";"";8;2020;"4529498437870635734";"_Ybze24A_UAC"
"67";"Effects of water availability in the soil on tropane alkaloid production in cultivated Datura stramonium";"A Moreno-Pedraza, J Gabriel, H Treutler, R Winkler, F Vergara";"Metabolites";"9 (7), 131";7;2019;"13853333704280971771";"eq2jaN3J8jMC"
"68";"Metabolomic and Proteomic Analysis of Moringa oleifera L. Cultivated with Vermicompost and Phosphate Rock under Water Stress Conditions";"JM Guzmán-Albores, ML Ramírez-Merchant, EC Interiano-Santos, ...";"International Journal of Agriculuture & Biology";"21 (4), 786-794";7;2019;"1440991061468677397";"_B80troHkn4C"
"69";"Popper and the Omics";"R Winkler";"Frontiers in Plant Science";"7 (195), 1-3";7;2016;"17141955021902528867";"3s1wT3WcHBgC"
"70";"Structural and biochemical basis for the firm chemo-and regioselectivity of the nitro-forming N-oxygenase AurF";"A Fries, R Winkler, C Hertweck";"Chemical Communications";"46 (41), 7760-7762";7;2010;"17644691338616454316";"ULOm3_A8WrAC"
"71";"In vitro UV absorption properties and radical scavenging capacity of Morella parvifolia (Benth.) Parra-Os. extracts";"MA Puertas-Mejía, MI Gutierrez-Villegas, JC Mejía-Giraldo, R Winkler, ...";"Brazilian Journal of Pharmaceutical Sciences";"54 (3), 1-8";6;2018;"5463389173431779280";"bnK-pcrLprsC"
"72";"Lipidomic profiles of Drosophila melanogaster and cactophilic fly species: models of human metabolic diseases";"D Cázarez-García, M Ramírez Loustalot-Laclette, T Ann Markow, ...";"Integrative Biology";"9 (11), 885-891";6;2017;"6669616266565346129";"KxtntwgDAa4C"
"73";"Non-thermal plasma jet device as source of spatial ionization for ambient mass spectrometry and method of application";"SM Jarquín, R Winkler";"US Patent US";"S9362100 B2";6;2016;"651887534191801360";"SeFeTyx0c_EC"
"74";"The emerging role of 3D-printing in ion mobility spectrometry and mass spectrometry";"H Guillén-Alonso, I Rosas-Román, R Winkler";"Analytical Methods";"13 (7), 852-861";5;2021;"6223957195141781139";"VLnqNzywnoUC"
"75";"Metabolomic effects of the colonization of Medicago truncatula by the facultative endophyte Arthrobacter agilis UMCV2 in a foliar inoculation system";"A Ramírez-Ordorica, E Valencia-Cantero, I Flores-Cortez, ...";"Scientific reports";"10 (1), 1-11";5;2020;"14683679554651386064";"ZfRJV9d4-WMC"
"76";"Increase of peroxidase activity in tropical maize after recurrent selection to storage pest resistance";"LM López-Castillo, MFD Flores-Rivera, R Winkler, S García-Lara";"Journal of Stored Products Research";"75, 47-55";5;2018;"2320571405424340716";"SP6oXDckpogC"
"77";"Funaria hygrometrica Hedw. elevated tolerance to D2O: its use for the production of highly deuterated metabolites";"F Vergara, M Itouga, RG Becerra, M Hirai, JJ Ordaz-Ortiz, R Winkler";"Planta";"247 (2), 405-412";4;2018;"13703801869689016107";"UxriW0iASnsC"
"78";"Proteomic analysis and interactions network in leaves of mycorrhizal and nonmycorrhizal sorghum plants under water deficit";"V Olalde-Portugal, JL Cabrera-Ponce, A Gastelum-Arellanez, ...";"PeerJ";"8, e8991";3;2020;"5457799293841986453";"NJ774b8OgUMC"
"79";"Mass Fingerprints of Tomatoes Fertilized with Different Nitrogen Sources Reveal Potential Biomarkers of Organic Farming";"A García-Casarrubias, R Winkler, A Tiessen";"Plant Foods for Human Nutrition";"74 (2), 247-254";3;2019;"10559597952955933896";"SdhP9T11ey4C"
"80";"Metabolomic study of volatile compounds in the pigmented fruit from Mexico Crataegus genotypes";"MD Pérez-Lainez, T Corona-Torres, M del Rosario García-Mateos, ...";"Journal of Applied Botany and Food Quality";"92, 15-23";3;2019;"4429204582652052675";"eMMeJKvmdy0C"
"81";"Caracterización química en grano verde y tostado de una nueva variedad de Coffea arabica l. cosechado en 2016 en Huatusco, Veracruz México";"O González-Ríos, ML Suárez-Quiroz, R Winkler, AK Ramírez-Hernández";"Revista Colombiana de Investigaciones Agroindustriales";"5 (02), 86-97";3;2018;"8414043521976753722";"ZuybSZzF8UAC"
"82";"Effects of the developmental regulator BOLITA on the plant metabolome";"HG Lazcano-Ramírez, R Gamboa-Becerra, IJ García-López, RAC Montes, ...";"Genes";"12 (7), 995";2;2021;"11024876652313980922";"BUYA1_V_uYcC"
"83";"MeteoMex: Open infrastructure for networked environmental monitoring and agriculture 4.0";"R Winkler";"PeerJ Computer Science";"7 (e343), 1-23";2;2021;"10410779182168759505";"35r97b3x0nAC"
"84";"Distinct gene expression and secondary metabolite profiles for suboptimal mycorrhizal colonization in wild-type and the jasmonic acid deficient spr2 tomato mutant";"K Casarrubias-Castillo, JM Montero-Vargas, N Dabdoub-González, ...";"PeerJ Preprints";"";2;2019;"13287834866946382025";"uc_IGeMz5qoC"
"85";"A mass spectrometry-based study shows that volatiles emitted by Arthrobacter agilis UMCV2 increase the content of brassinosteroids in Medicago truncatula in response to iron …";"I Flores-Cortez, R Winkler, A Ramírez-Ordorica, M Elizarraraz-Anaya, ...";"Molecules";"24 (16), 3011";2;2019;"13569502403319019513";"ye4kPcJQO24C"
"86";"Screening for Green Coffee with Sensorial Defects Due to Aging During Storage by MALDI-ToF Mass Fingerprinting";"JD Pazmiño-Arteaga, A Chagolla, C Gallardo-Cabrera, AF Ruiz-Márquez, ...";"Food Analytical Methods";"12 (7), 1571–1576";2;2019;"3619380607696488969";"JoZmwDi-zQgC"
"87";"Chemical characteristics of new variety of Arabica coffee L. harvested in 2016 in Huatusco, Veracruz-Mexico";"OG Ríos, MLS Quiroz, R Winkler, AK Ramírez-Hernández";"Revista Colombiana de Investigaciones Agroindustriales";"5 (2), 86-97";2;2018;"5900448920390292180";"XiVPGOgt02cC"
"88";"Peptides: The Wave of the Future Peptides: The Wave of the Future 97, 2001";"K TEICHMANN, R WINKLER, K HAMPEL, A TRUMPLER, FD BOHMER, ...";"Journal of chromatography. B, Analytical technologies in the biomedical and …";"";2;2007;"6321580108310031947";"WbkHhVStYXYC"
"89";"CHD1 controls H3. 3 incorporation in adult brain chromatin to maintain metabolic homeostasis and normal lifespan";"I Schoberleitner, I Bauer, A Huang, EN Andreyeva, J Sebald, K Pascher, ...";"Cell reports";"37 (1), 109769";1;2021;"9870357247990472862";"p__nRnzSRKYC"
"90";"ProtyQuant: Comparing label-free shotgun proteomics datasets using accumulated peptide probabilities";"R Winkler";"Journal of Proteomics";"230 (103985), 1-12";1;2021;"65874615401734479";"_Re3VWB3Y0AC"
"91";"Prediction of the antioxidant capacity of maize (Zea mays) hybrids using mass fingerprinting and data mining";"JM Montero-Vargas, S Ortíz-Islas, O Ramírez-Sánchez, S García-Lara, ...";"Food Bioscience";"37, 100647";1;2020;"14817972059526376210";"evX43VCCuoAC"
"92";"Modulation of aleurone peroxidases in kernels of insect-resistant maize (Zea mays L.; Pob84-C3R) after mechanical and insect damage";"LM López-Castillo, A González-Leyzaola, MF Diaz-Flores-Rivera, ...";"Frontiers in plant science";"11, 781";1;2020;"1183516971805081437";"tKAzc9rXhukC"
"93";"Distinct gene expression and secondary metabolite profiles in suppressor of prosystemin-mediated responses2 (spr2) tomato mutants having impaired mycorrhizal colonization";"K Casarrubias-Castillo, JM Montero-Vargas, N Dabdoub-González, ...";"PeerJ";"8, e8888";1;2020;"695783668678601688";"Fu2w8maKXqMC"
"94";"Low-Temperature Plasma Ionization";"S Martínez-Jarquín, R Winkler";"Ambient Mass Spectroscopy Techniques in Food and the Environment";"105-124";1;2019;"752539508954494341";"t6usbXjVLHcC"
"95";"Formatting Open Science: agile creation of multiple document types by writing academic manuscripts in pandoc markdown";"A Krewinkel, R Winkler";"";"";1;2016;"15290997831557878840";"epqYDVWIO7EC"
"96";"Lysine‐directed staining of proteins for MS‐based analyses";"MT Yasui, MA Mata‐Gómez, R Winkler";"Electrophoresis";"34 (3), 401-404";1;2013;"18396620570060622732";"QIV2ME_5wuYC"
"97";"Análisis de productos alimentarios mediante plasma de baja temperatura";"S Martínez-Jarquín, R Winkler";"Ide@s CONCYTEG";"8 (97), 728-735";1;2013;"17158739302691215396";"zA6iFVUQeVQC"
"98";"Evaluating the physiological state of maize (Zea mays L.) plants by direct-injection electrospray mass spectrometry (DIESI-MS) w";"M Garcıa-Flores, S Juarez-Colunga, JM Montero-Vargas, ...";"Mol. BioSyst";"8, 1658-1660";1;2012;"12685754919277961369";"AvfA0Oy_GE0C"
"99";"Vigilancia De Los Riesgos Microbianos En La Producción De Alimentos Frescos";"R Winkler";"Vigilancia De Los Riesgos Microbianos En La Producción De Alimentos Frescos";"55";1;2011;"14948533456078466587";"dhFuZR0502QC"
"100";"Characterisation of the hypoxic response of the human-pathogenic fungus Aspergillus fumigatus by 2D-gel electrophoresis";"M Voedisch, K Scherlach, R Winkler, C Hertweck, U Horn, AA Brakhage, ...";"Infection";"37, 19-19";1;2009;"17331302694887947505";"qUcmZB5y_30C"
"101";"Two-dimensional reference map of the mycelial proteome and mitochondrial sub-proteome of Aspergillus fumigatus";"M Voedisch, O Kniemeyer, D Albrecht, F Lessing, R Winkler, A Brakhage";"Mycoses";"51 (5), 422-422";1;2008;"5408869061965754843";"-f6ydRqryjwC"
"102";"Monitoring phosphatase reactions of multiple phosphorylated substrates by reversed-phase HPLC";"K Teichmann, R Winkler, K Hampel, A Trümpler, FD Böhmer, D Imhof";"Journal of Chromatography B";"853 (1-2), 204-213";1;2007;"9937544246910345979";"kNdYIx-mwKoC"
"103";"Novel UV filters from Pentacalia pulchella extracts with photoprotective properties and antioxidant activity";"JC Mejía-Giraldo, R Winkler, M Puertas-Mejía";"Photochemical & Photobiological Sciences";"20 (12), 1585-1597";0;2021;NA;"EYYDruWGBe4C"
"104";"Metabolic response to larval herbivory in three Physalis species";"V Trujillo-Pahua, O Vargas-Ponce, FA Rodríguez-Zaragoza, ...";"Plant Signaling & Behavior";"1962050";0;2021;NA;"BwyfMAYsbu0C"
"105";"Evaluation of Metabolomic Profile and Growth of Moringa oleifera L. Cultivated with Vermicompost under Different Soil Types";"LA Manzano-Gómez, JM Guzmán-Albores, R Rincón-Rosales, R Winkler, ...";"Agronomy";"11 (10), 2061";0;2021;NA;"vbGhcppDl1QC"
"106";"Protein extract of Bromelia karatas L. rich in cysteine proteases (ananain-and bromelain-like) has antibacterial activity against foodborne pathogens Listeria monocytogenes and …";"E Ávalos-Flores, LM López-Castillo, N Wielsch, Y Hupfer, R Winkler, ...";"Folia Microbiologica";"1-13";0;2021;NA;"4MWp96NkSFoC"
"107";"Contrast optimization of mass spectrometry imaging (MSI) data visualization by threshold intensity quantization (TrIQ)";"I Rosas-Román, R Winkler";"PeerJ Computer Science";"7 (e585), 1-16";0;2021;NA;"URolC5Kub84C"
"108";"Target-Decoy MineR for determining the biological relevance of variables in noisy data sets";"C Ovando-Vázquez, D Cázarez-García, R Winkler";"Bioinformatics";"369, 1-9";0;2021;NA;"Z5m8FVwuT1cC"
"109";"Mobims: A Modular Miniature Mass Analyzer for the Real-Time Monitoring of Gases and Volatile Compounds in Biological Systems";"R Alcalde-Vázquez, A Moreno-Pedraza, I Rosas-Román, ...";"Available at SSRN";"3950169";0;2021;NA;"L7CI7m0gUJcC"
"110";"Antifungal activity of root extracts from Baccharis salicina on germination of uredospores of Hemileia vastatrix";"A Lam-Gutiérrez, R Rincón-Rosales, FA Gutiérrez-Miceli, BA Peña-Ocaña, ...";"International Journal of Agriculture and Biology";"25 (5), 1075-1084";0;2021;NA;"ML0RJ9NH7IQC"
"111";"Featured articles";"H Guillén-Alonso, I Rosas-Román, R Winkler, H Zhong, Y Li, Y Huang, ...";"Analytical Methods";"13, 884";0;2021;NA;"EkHepimYqZsC"
"112";"Concluding Remarks and Perspectives";"R Winkler";"Processing Metabolomics and Proteomics Data with Open Software";"427-430";0;2020;NA;"JQOojiI6XY0C"
"113";"Pre-processing and Analysis of Metabolomics Data with XCMS/R and XCMS Online";"LP Partida-Martínez, R Winkler";"Processing Metabolomics and Proteomics Data with Open Software";"255-280";0;2020;NA;"UHK10RUVsp4C"
"114";"MASSyPup64: Linux Live System for Mass Spectrometry Data Processing";"R Winkler";"Processing Metabolomics and Proteomics Data with Open Software";"406-414";0;2020;NA;"dQ2og3OwTAUC"
"115";"Part A General Section";"R Winkler";"";"";0;2020;NA;"j8SEvjWlNXcC"
"116";"Low-Temperature Plasma Ionization of Lipids";"R Winkler";"Encyclopedia of Lipidomics";"";0;2019;NA;"WqliGbK-hY8C"
"117";"Las moléculas de la vida: su importancia y tecnologías innovadoras para estudiarlas";"R Winkler";"";"";0;2016;NA;"u9iWguZQMMsC"
"118";"Identificación de carbohidratos simples en jugo de tallo de maíz utilizando DIESI y un analizador de trampa lineal en MS";"MG Flores, R Winkler, GMLR Aguilar, A Tiessen";"Ciencia y Tecnol. Agrop. México";"3 (2), 30-37";0;2015;NA;"rO6llkc54NcC"
"119";"Biosynthese von Nitroverbindungen: Studie der N-Oxygenase AurF";"R Winkler";"Südwestdeutscher Verlag für Hochschulschriften";"";0;2013;NA;"_Qo2XoVZTnwC"
"120";"SERUM PROTEOMIC PROFILE IN PATIENTS INVOLVED BY DIFFUSE LARGE B CELL LYMPHOMA (PRELIMINAR REPORT)";"L Villela, R Winkler, S Scott, O Fajardo, Y Perfecto, J Bolanos, M Gutierrez, ...";"HAEMATOLOGICA";"97, 647-648";0;2012;NA;"PR6Y55bgFSsC"
"121";"Accelerated Identification of Proteins by Mass Spectrometry by Employing Covalent Pre-Gel Staining with Uniblue A";"R Winkler, MA Mata-Gomez, S Valdes-Rodrıguez, MT Yasui, ...";"";"";0;2012;NA;"yB1At4FlUx8C"
"122";"Data files for: Communication to Molecular BioSystems. Evaluating the physiological state of maize (Zea mays L.) plants by direct-injection electrospray mass spectrometry …";"M García-Flores, S Juárez-Colunga, JM Montero-Vargas, ...";"PANGAEA";"";0;2012;NA;"zLWjf1WUPmwC"
"123";"Data files for: The use of metabolic heat maps for evaluating the chemical profiles of multiple tea and coffee leaf extracts";"JM Montero-Vargas, LH González-González, E Galvez-Ponce, ...";"PANGAEA";"";0;2012;NA;"XD-gHx7UXLsC"
"124";"Accelerated Identification of Proteins by Mass Spectrometry by";"MA Mata-Gómez, MT Yasui, A Guerrero-Rangel, S Valdés-Rodrıguez, ...";"";"";0;2012;NA;"hkOj_22Ku90C"
"125";"Covalent Modification Of Proteins For The Instantaneous Visualisation Thereof And Subsequent Characterisation Through Mass Spectrometry";"R WINKLER, MA MATA GÓMEZ, MT YASUI, ...";"WO Patent";"2,011,071,359";0;2011;NA;"8k81kl-MbHgC"
"126";"Rapid pre-gel visualization of proteins with mass spectrometry compatibility";"M Mata-Gomez, M Yasui, R Winkler";"Nature Precedings";"1-1";0;2010;NA;"LkGwnXOMwfcC"
"127";"The tyrosine degradation pathway in Aspergillus fumigatus leads to pyomelanin, a second type of melanin";"J Schmaler-Ripcke, V Sugareva, P Gebhardt, R Winkler, O Kniemeyer, ...";"Applied and Environmental Microbiology";"";0;2008;NA;"uWiczbcajpAC"
"128";"Secretome analysis of the human pathogen Aspergillus fumigatus: P52";"D Wartenberg, O Kniemeyer, E Shelest, T Heinekamp, J Teutschbein, ...";"Mycoses";"51 (5), 435-436";0;2008;NA;"hC7cP41nSMkC"
"129";"In-vitro analysis of proteins secreted by Arthroderma benhamiae";"C Heddergott, O Kniemeyer, R Winkler, J Woestemeyer, A Brakhage";"MYCOSES";"51 (5), 408-409";0;2008;NA;"IWHjjKOFINEC"
"130";"Biosynthese von Nitroverbindungen";"R Winkler";"BIOSPEKTRUM-HEIDELBERG-";"14 (4), 434";0;2008;NA;"5nxA0vEk-isC"
"131";"J. Peptide Res. J. Peptide Res. 53, 161, 1999";"K TEICHMANN, R WINKLER, K HAMPEL, A TRUMPLER, FD BOHMER, ...";"Journal of chromatography. B, Analytical technologies in the biomedical and …";"";0;2007;NA;"AXPGKjj_ei8C"
"132";"J. Peptide Sci. J. Peptide Sci. 11, 390, 2005";"K TEICHMANN, R WINKLER, K HAMPEL, A TRUMPLER, FD BOHMER, ...";"Journal of chromatography. B, Analytical technologies in the biomedical and …";"";0;2007;NA;"Mojj43d5GZwC"
"133";"Topics in Current Genetics 301, 2004";"K TEICHMANN, R WINKLER, K HAMPEL, A TRUMPLER, FD BOHMER, ...";"Journal of chromatography. B, Analytical technologies in the biomedical and …";"";0;2007;NA;"WA5NYHcadZ8C"
"134";"Adv. Enzymol. Adv. Enzymol. 68, 1, 1994";"K TEICHMANN, R WINKLER, K HAMPEL, A TRUMPLER, FD BOHMER, ...";"Journal of chromatography. B, Analytical technologies in the biomedical and …";"";0;2007;NA;"XiSMed-E-HIC"
"135";"Biosynthese von Nitroverbindungen: Charakterisierung der ungewöhnlichen Mangan-abhängigen N-Oxygenase AurF";"R Winkler";"";"";0;2007;NA;"roLk4NBRz8UC"
"136";"M. en C. Hugo Gerardo Lazcano Ramírez";"R Winkler, LJD Arredondo, VML Vargas";"";"";0;NA;NA;"vDijr-p_gm4C"
"137";"BQP-110 ANALYSIS OF BIOMOLECULES WITH MASS SPECTROMETRY USING LOW TEMPERATURE PLASMA AS A NEW IONIZATION SOURCE";"S Martínez-Jarquín, R Winkler";"MIXIM";"10";0;NA;NA;"ipzZ9siozwsC"
"138";"Analysis of the spacial distribution of hydrocarbons in Botryococcus braunii using Mass Spectrometry Imaging";"A Moreno-Pedraza, I Cornejo-Corona, E Lozoya-Gloria, R Winkler";"";"";0;NA;NA;"0KyAp5RtaNEC"
"139";"FAO-26 RAPID AND COST-EFFICIENT METABOLIC PHENOTYPING OF PLANTS BY DIRECT MASS-SPECTROMETRY APPROACHES";"R Winkler";"MIXIM";"8";0;NA;NA;"nrtMV_XWKgEC"
"140";"Early selection of coffee (C. canephora) plants with desirable cup quality traits by a novel metabolomics approach";"RG Becerra, R Winkler";"";"";0;NA;NA;"t7zJ5fGR-2UC"
